,NGH_Name,Assault,Break and Enter,Homicide,Robbery,Sexual Assaults,Theft From Vehicle,Theft Of Vehicle,Theft Over $5000,Latitude,Longitude,Preschool,Kindergarten,Gr7-9,Gr10-12,Post-Secondary,Homemaker,Employed 0-30,Employed 30+,Unemployed,Retired,Permanently Unemployed,Employment_No Response,Income_Less than $30K,Income_30K to less than 60K,Income_60K to less than 100K,Income_100K to less than 125K,Income_125K to less than 150K,Income_150K to less than 200K,Income_200K to less than 250K,Income_250K or more,Income_No Response
0,ABBOTTSFIELD,35,8,0,8,4,16,6,0,53.57414300000001,-113.38875800000001,159.0,189.0,64.0,52.0,43.0,83.0,102.0,453.0,135.0,80.0,48.0,499.0,206.0,170.0,79.0,23.0,4.0,3.0,3.0,2.0,195.0
1,ALBANY,8,8,0,2,2,9,2,1,53.632382,-113.54946399999999,100.0,69.0,22.0,4.0,29.0,45.0,50.0,417.0,40.0,46.0,16.0,445.0,10.0,56.0,63.0,30.0,9.0,14.0,13.0,3.0,350.0
2,ALBERTA AVENUE,123,119,1,26,13,156,99,2,53.568485,-113.485119,246.0,301.0,102.0,109.0,155.0,156.0,435.0,1861.0,369.0,508.0,171.0,2342.0,601.0,667.0,364.0,139.0,62.0,61.0,11.0,4.0,1138.0
3,ALDERGROVE,17,19,0,6,4,46,23,0,53.516888,-113.64124199999999,290.0,348.0,126.0,108.0,168.0,113.0,271.0,1711.0,223.0,451.0,61.0,1110.0,119.0,266.0,284.0,135.0,72.0,49.0,22.0,12.0,952.0
4,ALLARD,6,17,0,1,0,12,3,4,53.401301,-113.526641,201.0,172.0,50.0,41.0,57.0,91.0,106.0,747.0,91.0,77.0,5.0,1495.0,4.0,48.0,165.0,109.0,48.0,69.0,32.0,23.0,560.0
5,ALLENDALE,10,28,0,6,0,51,17,1,53.50227700000001,-113.504821,55.0,59.0,46.0,36.0,90.0,33.0,87.0,645.0,66.0,197.0,22.0,1403.0,66.0,112.0,123.0,59.0,30.0,33.0,11.0,9.0,815.0
6,AMBLESIDE,10,14,0,1,1,28,10,1,53.430642,-113.600677,367.0,280.0,74.0,43.0,119.0,129.0,203.0,1592.0,142.0,228.0,10.0,1250.0,67.0,196.0,284.0,168.0,124.0,164.0,71.0,66.0,1066.0
7,ARGYLL,0,7,0,0,0,10,2,1,53.503100999999994,-113.460539,28.0,20.0,11.0,18.0,14.0,5.0,30.0,221.0,17.0,91.0,3.0,319.0,18.0,25.0,33.0,17.0,22.0,10.0,3.0,3.0,204.0
8,ASPEN GARDENS,1,2,0,0,0,12,2,0,53.477535,-113.545664,61.0,137.0,72.0,57.0,82.0,52.0,131.0,503.0,55.0,259.0,11.0,230.0,32.0,69.0,100.0,44.0,45.0,63.0,28.0,32.0,217.0
9,ATHLONE,16,21,0,4,2,39,12,1,53.588026,-113.550982,90.0,147.0,74.0,76.0,100.0,65.0,175.0,954.0,112.0,280.0,34.0,1051.0,101.0,170.0,203.0,81.0,55.0,46.0,7.0,10.0,475.0
10,AVONMORE,4,24,0,0,0,39,13,0,53.50778,-113.451631,81.0,109.0,37.0,27.0,28.0,32.0,137.0,610.0,78.0,342.0,17.0,669.0,98.0,148.0,109.0,50.0,27.0,36.0,16.0,5.0,479.0
11,BALWIN,42,32,1,4,6,64,39,0,53.587951,-113.455075,192.0,240.0,85.0,74.0,65.0,81.0,206.0,823.0,303.0,382.0,76.0,1295.0,321.0,282.0,175.0,53.0,35.0,12.0,8.0,4.0,654.0
12,BANNERMAN,20,12,0,4,5,34,14,0,53.60395,-113.37862400000002,181.0,265.0,108.0,101.0,55.0,66.0,242.0,1072.0,217.0,293.0,70.0,359.0,172.0,239.0,280.0,111.0,43.0,41.0,9.0,7.0,255.0
13,BARANOW,4,11,0,9,5,27,10,1,53.605734,-113.53610299999998,63.0,41.0,16.0,4.0,23.0,30.0,42.0,309.0,42.0,210.0,17.0,980.0,144.0,143.0,94.0,18.0,11.0,5.0,2.0,3.0,555.0
14,BATURYN,10,15,0,5,4,26,19,0,53.63098,-113.50433900000002,152.0,248.0,130.0,108.0,102.0,122.0,192.0,1339.0,170.0,531.0,52.0,1772.0,33.0,138.0,202.0,101.0,46.0,26.0,7.0,4.0,1191.0
15,BEACON HEIGHTS,38,25,1,16,6,27,31,1,53.573539,-113.40604,127.0,139.0,75.0,52.0,34.0,73.0,157.0,1021.0,248.0,421.0,70.0,470.0,142.0,152.0,190.0,62.0,33.0,24.0,6.0,3.0,591.0
16,BEARSPAW,2,4,0,0,0,10,8,0,53.443462,-113.500528,87.0,119.0,40.0,56.0,106.0,60.0,123.0,626.0,64.0,443.0,15.0,364.0,56.0,103.0,127.0,72.0,46.0,63.0,25.0,23.0,302.0
17,BEAUMARIS,12,15,0,2,3,36,17,2,53.618422,-113.505007,131.0,155.0,72.0,65.0,113.0,93.0,177.0,1010.0,121.0,967.0,49.0,1445.0,114.0,209.0,182.0,72.0,48.0,47.0,20.0,14.0,1253.0
18,BELGRAVIA,4,30,0,0,2,16,4,0,53.511796,-113.532729,93.0,142.0,64.0,45.0,325.0,46.0,171.0,671.0,62.0,337.0,21.0,357.0,96.0,74.0,113.0,58.0,59.0,47.0,63.0,102.0,308.0
19,BELLE RIVE,5,6,0,1,4,22,11,0,53.6223,-113.473596,94.0,207.0,118.0,142.0,172.0,94.0,195.0,1179.0,100.0,355.0,24.0,1054.0,62.0,174.0,203.0,87.0,51.0,62.0,20.0,16.0,487.0
20,BELLEVUE,8,15,0,3,1,34,8,0,53.566417,-113.445942,35.0,45.0,21.0,10.0,29.0,16.0,50.0,302.0,34.0,90.0,10.0,359.0,39.0,58.0,68.0,41.0,24.0,16.0,11.0,8.0,216.0
21,BELMEAD,19,17,0,3,2,40,15,0,53.525603,-113.64101499999998,151.0,272.0,143.0,121.0,123.0,108.0,247.0,1225.0,146.0,434.0,56.0,1599.0,131.0,231.0,201.0,102.0,65.0,52.0,25.0,10.0,825.0
22,BELMONT,15,18,0,7,5,37,15,2,53.593123999999996,-113.394379,268.0,397.0,137.0,116.0,79.0,143.0,237.0,1455.0,292.0,475.0,58.0,1565.0,132.0,263.0,231.0,125.0,68.0,51.0,7.0,11.0,1070.0
23,BELVEDERE,70,48,0,7,1,83,41,3,53.591057,-113.436063,189.0,227.0,98.0,93.0,99.0,115.0,209.0,1112.0,219.0,508.0,103.0,2197.0,343.0,326.0,239.0,74.0,38.0,20.0,10.0,6.0,1319.0
24,BERGMAN,2,8,0,2,0,20,9,1,53.579564,-113.40966699999998,39.0,74.0,41.0,45.0,33.0,52.0,74.0,474.0,55.0,188.0,19.0,459.0,39.0,86.0,69.0,39.0,26.0,22.0,11.0,7.0,265.0
25,BEVERLY HEIGHTS,24,44,0,4,7,50,19,2,53.564122,-113.402652,101.0,138.0,53.0,43.0,52.0,89.0,150.0,883.0,215.0,722.0,116.0,622.0,265.0,329.0,130.0,43.0,17.0,18.0,5.0,3.0,822.0
26,BISSET,16,17,0,4,1,41,27,0,53.458904999999994,-113.400659,194.0,234.0,106.0,83.0,94.0,111.0,204.0,1123.0,224.0,281.0,45.0,1247.0,74.0,189.0,183.0,62.0,42.0,27.0,5.0,7.0,782.0
27,BLACKBURNE,1,4,0,0,0,13,1,0,53.42907100000001,-113.498309,44.0,81.0,44.0,37.0,41.0,46.0,84.0,492.0,38.0,265.0,12.0,226.0,24.0,83.0,87.0,65.0,34.0,55.0,20.0,22.0,167.0
28,BLACKMUD CREEK,0,12,0,2,1,11,2,0,53.419661,-113.510788,133.0,271.0,102.0,85.0,120.0,108.0,157.0,1029.0,75.0,240.0,11.0,432.0,35.0,92.0,159.0,109.0,82.0,118.0,50.0,52.0,341.0
29,BLUE QUILL,10,24,0,6,2,32,8,1,53.457627,-113.526237,254.0,270.0,106.0,84.0,150.0,112.0,246.0,1366.0,269.0,297.0,22.0,1443.0,142.0,362.0,218.0,72.0,30.0,40.0,25.0,18.0,1034.0
30,BLUE QUILL ESTATES,3,8,0,0,1,6,1,0,53.457627,-113.540195,68.0,95.0,30.0,21.0,32.0,26.0,73.0,416.0,118.0,136.0,2.0,202.0,34.0,83.0,73.0,50.0,36.0,23.0,9.0,21.0,162.0
31,BONNIE DOON,47,53,0,6,5,66,23,5,53.52533700000001,-113.46711099999999,149.0,174.0,67.0,66.0,187.0,63.0,230.0,1313.0,152.0,497.0,39.0,1602.0,256.0,228.0,225.0,115.0,74.0,79.0,40.0,59.0,1056.0
32,BOYLE STREET,163,50,2,16,13,128,44,4,53.547631,-113.479263,121.0,111.0,36.0,31.0,151.0,54.0,300.0,1393.0,516.0,691.0,258.0,3078.0,826.0,487.0,303.0,87.0,41.0,32.0,10.0,14.0,2172.0
33,BRANDER GARDENS,3,6,1,0,0,21,6,1,53.49520900000001,-113.579425,107.0,206.0,67.0,53.0,100.0,53.0,135.0,643.0,110.0,289.0,21.0,690.0,115.0,129.0,132.0,49.0,46.0,42.0,16.0,27.0,495.0
34,BRECKENRIDGE GREENS,1,4,0,0,0,14,3,0,53.516526,-113.684351,90.0,146.0,64.0,51.0,62.0,58.0,102.0,788.0,49.0,213.0,19.0,248.0,25.0,93.0,179.0,92.0,58.0,70.0,23.0,19.0,189.0
35,BRINTNELL,10,7,0,1,3,38,12,1,53.621394,-113.407114,376.0,539.0,188.0,137.0,120.0,138.0,233.0,1843.0,132.0,158.0,23.0,2595.0,22.0,60.0,148.0,98.0,63.0,81.0,34.0,9.0,1581.0
36,BRITANNIA YOUNGSTOWN,56,40,0,9,4,72,41,1,53.546295,-113.60151,156.0,159.0,65.0,55.0,69.0,70.0,192.0,1104.0,253.0,370.0,104.0,2142.0,207.0,223.0,190.0,67.0,31.0,17.0,2.0,5.0,1475.0
37,BROOKSIDE,0,3,0,0,0,15,3,1,53.491831,-113.56812800000002,75.0,124.0,45.0,42.0,48.0,42.0,114.0,394.0,35.0,248.0,15.0,855.0,18.0,72.0,54.0,54.0,38.0,52.0,34.0,50.0,332.0
38,BULYEA HEIGHTS,1,10,0,1,0,5,1,1,53.474747,-113.569424,50.0,110.0,48.0,55.0,84.0,56.0,115.0,528.0,37.0,332.0,3.0,2021.0,17.0,39.0,81.0,47.0,35.0,57.0,43.0,55.0,816.0
39,CAERNARVON,26,9,0,3,4,33,24,2,53.6119,-113.52640200000002,151.0,231.0,111.0,67.0,60.0,100.0,164.0,935.0,138.0,440.0,38.0,1904.0,82.0,208.0,210.0,75.0,40.0,23.0,7.0,4.0,967.0
40,CALDER,48,43,0,5,1,98,38,4,53.588056,-113.528872,161.0,183.0,63.0,66.0,68.0,96.0,151.0,940.0,186.0,316.0,91.0,1683.0,239.0,221.0,190.0,70.0,43.0,19.0,7.0,5.0,955.0
41,CALLAGHAN,8,10,0,0,0,10,8,0,53.40734499999999,-113.526792,211.0,214.0,90.0,57.0,78.0,102.0,134.0,1160.0,129.0,141.0,6.0,1237.0,24.0,87.0,174.0,78.0,59.0,57.0,29.0,38.0,794.0
42,CALLINGWOOD NORTH,12,6,0,8,6,24,13,0,53.507598,-113.623025,152.0,167.0,56.0,37.0,56.0,52.0,117.0,882.0,134.0,177.0,29.0,517.0,126.0,247.0,207.0,50.0,14.0,8.0,5.0,2.0,450.0
43,CALLINGWOOD SOUTH,43,19,0,11,4,64,35,0,53.500515,-113.623031,237.0,250.0,88.0,67.0,61.0,93.0,221.0,1200.0,241.0,447.0,61.0,2542.0,265.0,439.0,344.0,89.0,29.0,16.0,7.0,4.0,1646.0
44,CAMERON HEIGHTS,1,6,0,0,1,13,1,0,53.474127,-113.634359,135.0,203.0,41.0,40.0,39.0,74.0,62.0,739.0,35.0,97.0,2.0,176.0,2.0,10.0,22.0,26.0,31.0,36.0,23.0,46.0,344.0
45,CANON RIDGE,8,12,0,0,3,35,15,0,53.578789,-113.379217,119.0,116.0,34.0,17.0,39.0,27.0,61.0,867.0,200.0,198.0,9.0,460.0,27.0,125.0,139.0,109.0,72.0,31.0,9.0,1.0,516.0
46,CANORA,70,34,0,13,4,39,27,1,53.546193,-113.584215,98.0,120.0,39.0,31.0,39.0,51.0,111.0,674.0,187.0,194.0,74.0,1556.0,120.0,151.0,97.0,32.0,21.0,7.0,3.0,3.0,1076.0
47,CANOSSA,1,4,0,0,1,15,6,0,53.63619200000001,-113.522686,167.0,291.0,108.0,92.0,101.0,77.0,157.0,1133.0,88.0,148.0,18.0,904.0,21.0,92.0,190.0,107.0,91.0,88.0,31.0,25.0,382.0
48,CAPILANO,2,17,0,1,2,14,10,4,53.554672,-113.422792,78.0,93.0,46.0,49.0,66.0,48.0,166.0,961.0,83.0,490.0,20.0,434.0,40.0,115.0,126.0,84.0,65.0,65.0,28.0,30.0,527.0
49,CARLISLE,7,16,0,3,3,32,19,2,53.60352,-113.525915,198.0,289.0,101.0,86.0,102.0,117.0,165.0,1057.0,211.0,340.0,32.0,1054.0,133.0,270.0,250.0,87.0,59.0,36.0,9.0,7.0,510.0
50,CARLTON,4,7,0,2,2,25,8,2,53.621652,-113.559373,260.0,368.0,133.0,89.0,69.0,108.0,204.0,1430.0,117.0,205.0,22.0,1928.0,37.0,147.0,262.0,149.0,103.0,98.0,35.0,15.0,818.0
51,CARTER CREST,2,6,0,0,1,4,4,0,53.464885,-113.577802,43.0,89.0,43.0,41.0,70.0,36.0,90.0,472.0,37.0,273.0,2.0,426.0,5.0,30.0,54.0,36.0,30.0,43.0,26.0,37.0,350.0
52,CASSELMAN,15,4,0,0,0,35,20,1,53.611349,-113.424132,234.0,243.0,121.0,113.0,115.0,100.0,199.0,1267.0,153.0,337.0,63.0,700.0,175.0,283.0,265.0,93.0,55.0,33.0,14.0,2.0,467.0
53,CENTRAL MCDOUGALL,226,50,0,43,15,122,70,5,53.553332,-113.501068,155.0,121.0,30.0,27.0,145.0,89.0,279.0,1249.0,325.0,238.0,160.0,2093.0,610.0,435.0,172.0,32.0,17.0,7.0,2.0,4.0,1714.0
54,CHAMBERY,4,4,0,2,2,10,4,0,53.640764,-113.51176099999999,85.0,193.0,90.0,59.0,49.0,70.0,96.0,575.0,27.0,82.0,3.0,1284.0,2.0,31.0,73.0,57.0,42.0,54.0,29.0,15.0,424.0
55,CHAPPELLE AREA,8,6,1,1,1,22,6,3,53.403081,-113.586844,206.0,151.0,35.0,27.0,28.0,67.0,68.0,787.0,62.0,52.0,1.0,2829.0,22.0,101.0,266.0,166.0,104.0,108.0,32.0,23.0,820.0
56,CHARLESWORTH,13,27,0,0,1,36,23,2,53.42854400000001,-113.41812999999999,376.0,401.0,109.0,103.0,127.0,177.0,177.0,1693.0,197.0,122.0,13.0,1967.0,51.0,188.0,340.0,179.0,108.0,107.0,38.0,31.0,826.0
57,CLAREVIEW TOWN CENTRE,30,17,0,14,12,50,30,2,53.601948,-113.406891,142.0,137.0,49.0,33.0,140.0,70.0,172.0,888.0,129.0,93.0,20.0,1462.0,99.0,161.0,190.0,92.0,31.0,24.0,7.0,4.0,814.0
58,CLOVERDALE,1,9,0,0,1,7,2,0,53.536858,-113.474012,19.0,29.0,17.0,17.0,21.0,12.0,46.0,333.0,14.0,95.0,7.0,305.0,15.0,25.0,47.0,38.0,36.0,35.0,23.0,37.0,182.0
59,CRAWFORD PLAINS,11,11,0,2,1,35,9,1,53.441837,-113.406216,223.0,301.0,126.0,146.0,133.0,139.0,242.0,1437.0,238.0,265.0,42.0,987.0,58.0,174.0,282.0,127.0,87.0,56.0,18.0,12.0,613.0
60,CRESTWOOD,4,37,0,1,3,24,10,3,53.535434,-113.569038,80.0,168.0,59.0,51.0,92.0,43.0,132.0,757.0,50.0,475.0,2.0,442.0,56.0,91.0,90.0,52.0,26.0,58.0,36.0,103.0,404.0
61,CROMDALE,40,30,1,6,4,41,12,0,53.55906099999999,-113.469043,131.0,72.0,26.0,13.0,71.0,37.0,82.0,614.0,169.0,176.0,40.0,628.0,168.0,133.0,74.0,21.0,11.0,9.0,11.0,8.0,666.0
62,CUMBERLAND,7,12,0,0,1,29,10,1,53.610563,-113.553188,312.0,508.0,198.0,126.0,139.0,100.0,207.0,2026.0,197.0,347.0,28.0,1890.0,40.0,128.0,253.0,201.0,167.0,127.0,39.0,21.0,1073.0
63,DALY GROVE,13,19,0,2,1,19,7,0,53.449537,-113.400727,131.0,236.0,100.0,91.0,103.0,108.0,176.0,1092.0,159.0,246.0,43.0,951.0,76.0,169.0,189.0,99.0,51.0,35.0,10.0,5.0,541.0
64,DECHENE,2,1,0,1,2,5,0,0,53.490436,-113.63595299999999,46.0,75.0,54.0,42.0,74.0,42.0,92.0,498.0,18.0,262.0,12.0,417.0,7.0,44.0,76.0,47.0,36.0,33.0,23.0,14.0,312.0
65,DELTON,13,27,0,6,0,48,20,0,53.579046,-113.482449,66.0,84.0,43.0,38.0,38.0,55.0,121.0,646.0,114.0,190.0,35.0,558.0,145.0,155.0,149.0,42.0,26.0,23.0,6.0,3.0,298.0
66,DELWOOD,16,22,0,2,2,59,17,1,53.595949,-113.45513,103.0,161.0,79.0,56.0,45.0,59.0,142.0,764.0,120.0,588.0,39.0,1157.0,113.0,194.0,146.0,71.0,35.0,40.0,10.0,4.0,723.0
67,DONSDALE,1,6,0,0,0,7,0,0,53.48563,-113.63546,30.0,82.0,46.0,44.0,64.0,38.0,78.0,458.0,17.0,161.0,1.0,455.0,6.0,19.0,34.0,18.0,27.0,44.0,21.0,77.0,282.0
68,DOVERCOURT,5,18,0,0,5,26,17,0,53.575727,-113.559534,86.0,125.0,39.0,31.0,22.0,36.0,118.0,782.0,94.0,254.0,26.0,502.0,61.0,160.0,159.0,87.0,45.0,48.0,15.0,6.0,285.0
69,DOWNTOWN,436,123,1,83,47,316,87,10,53.539767,-113.499421,105.0,52.0,17.0,18.0,883.0,80.0,369.0,3736.0,346.0,1066.0,118.0,5978.0,972.0,994.0,1093.0,425.0,199.0,198.0,68.0,81.0,4660.0
70,DUGGAN,10,12,0,6,1,22,10,1,53.471509999999995,-113.50605800000001,247.0,346.0,159.0,124.0,160.0,161.0,332.0,1453.0,249.0,589.0,39.0,674.0,188.0,283.0,283.0,164.0,92.0,74.0,29.0,20.0,555.0
71,DUNLUCE,35,22,0,8,2,61,38,0,53.621473,-113.530183,236.0,341.0,165.0,138.0,117.0,145.0,301.0,1677.0,250.0,514.0,79.0,2360.0,203.0,317.0,312.0,122.0,69.0,60.0,10.0,8.0,1286.0
72,EASTWOOD,112,52,0,34,4,91,58,4,53.576105,-113.46873,123.0,144.0,68.0,62.0,66.0,73.0,138.0,857.0,229.0,379.0,142.0,1734.0,341.0,306.0,173.0,42.0,12.0,12.0,4.0,1.0,1006.0
73,EAUX CLAIRES,15,11,0,6,5,39,16,2,53.621638999999995,-113.485637,142.0,185.0,97.0,85.0,147.0,92.0,132.0,1170.0,100.0,246.0,26.0,1005.0,56.0,166.0,222.0,95.0,55.0,45.0,23.0,20.0,570.0
74,EDGEMONT,2,7,0,0,0,4,3,1,53.469743,-113.670843,103.0,61.0,29.0,22.0,22.0,34.0,46.0,323.0,19.0,47.0,1.0,829.0,4.0,31.0,71.0,48.0,32.0,47.0,23.0,11.0,271.0
75,EKOTA,7,8,0,0,1,20,4,1,53.44941,-113.442336,97.0,157.0,70.0,67.0,56.0,47.0,116.0,602.0,107.0,233.0,18.0,845.0,53.0,107.0,108.0,35.0,24.0,29.0,8.0,3.0,546.0
76,ELLERSLIE,10,14,0,2,3,27,17,0,53.428545,-113.457731,319.0,452.0,129.0,81.0,123.0,154.0,213.0,1707.0,194.0,166.0,17.0,1985.0,41.0,148.0,290.0,138.0,71.0,56.0,19.0,7.0,1213.0
77,ELMWOOD,6,8,0,0,1,21,7,2,53.515738,-113.605993,129.0,177.0,86.0,74.0,91.0,59.0,148.0,1065.0,152.0,402.0,36.0,302.0,112.0,260.0,228.0,80.0,33.0,22.0,4.0,4.0,255.0
78,ELSINORE,0,7,0,0,1,22,2,1,53.640763,-113.499402,61.0,150.0,74.0,62.0,93.0,57.0,104.0,605.0,47.0,299.0,11.0,747.0,17.0,55.0,98.0,40.0,48.0,39.0,10.0,20.0,463.0
79,EMPIRE PARK,49,27,0,18,13,105,45,3,53.484366,-113.505859,194.0,204.0,83.0,76.0,401.0,113.0,236.0,1340.0,204.0,377.0,48.0,1626.0,128.0,385.0,345.0,79.0,19.0,10.0,3.0,1.0,1330.0
80,ERMINESKIN,13,20,0,4,7,53,25,0,53.45763899999999,-113.50572800000002,206.0,222.0,102.0,89.0,177.0,131.0,254.0,1580.0,225.0,800.0,49.0,1406.0,367.0,531.0,322.0,94.0,60.0,45.0,28.0,11.0,986.0
81,EVANSDALE,15,16,0,8,5,70,45,0,53.610841,-113.479569,332.0,400.0,158.0,122.0,97.0,199.0,257.0,1295.0,254.0,656.0,84.0,1950.0,298.0,460.0,223.0,75.0,44.0,26.0,11.0,5.0,974.0
82,FALCONER HEIGHTS,0,4,0,0,0,6,0,0,53.466721,-113.588524,32.0,97.0,57.0,51.0,79.0,46.0,74.0,399.0,52.0,317.0,7.0,756.0,39.0,79.0,88.0,53.0,52.0,53.0,29.0,38.0,378.0
83,FOREST HEIGHTS,20,36,0,4,3,52,31,3,53.544537,-113.45125,115.0,174.0,76.0,54.0,80.0,57.0,166.0,1227.0,126.0,587.0,51.0,1388.0,199.0,240.0,262.0,102.0,61.0,89.0,37.0,52.0,855.0
84,FRASER,7,8,0,0,1,35,7,2,53.610382,-113.374782,161.0,225.0,97.0,66.0,92.0,77.0,180.0,1105.0,120.0,246.0,42.0,1078.0,84.0,157.0,190.0,104.0,53.0,49.0,16.0,15.0,607.0
85,FULTON PLACE,3,19,0,0,0,30,10,1,53.546295,-113.427466,60.0,101.0,50.0,32.0,39.0,31.0,105.0,539.0,66.0,375.0,13.0,590.0,56.0,95.0,111.0,66.0,38.0,47.0,17.0,7.0,501.0
86,GAINER INDUSTRIAL,1,7,0,0,0,3,0,0,53.516111,-113.424517,6.0,8.0,4.0,3.0,17.0,4.0,24.0,188.0,14.0,54.0,7.0,80.0,9.0,29.0,58.0,24.0,9.0,8.0,1.0,3.0,94.0
87,GARIEPY,0,10,0,0,1,13,4,0,53.493596,-113.622657,41.0,66.0,32.0,26.0,38.0,26.0,92.0,518.0,27.0,233.0,4.0,654.0,14.0,185.0,74.0,33.0,20.0,28.0,16.0,19.0,348.0
88,GARNEAU,33,78,0,17,2,83,33,1,53.519911,-113.51353600000002,109.0,105.0,24.0,17.0,1621.0,60.0,268.0,1732.0,287.0,538.0,45.0,4984.0,1044.0,523.0,423.0,132.0,78.0,89.0,33.0,61.0,3183.0
89,GLASTONBURY,7,20,0,0,0,35,5,0,53.503187,-113.66987,281.0,513.0,205.0,147.0,153.0,146.0,293.0,2157.0,168.0,530.0,31.0,1769.0,62.0,221.0,404.0,212.0,156.0,134.0,66.0,47.0,1163.0
90,GLENGARRY,37,21,0,8,5,76,29,0,53.595855,-113.47961200000002,98.0,105.0,62.0,38.0,53.0,76.0,106.0,676.0,118.0,546.0,52.0,1079.0,200.0,149.0,128.0,59.0,21.0,26.0,6.0,2.0,650.0
91,GLENORA,12,53,0,1,4,39,13,0,53.54490499999999,-113.557043,101.0,214.0,137.0,81.0,117.0,85.0,207.0,999.0,49.0,442.0,17.0,1064.0,51.0,85.0,124.0,64.0,55.0,75.0,45.0,108.0,838.0
92,GLENWOOD,50,54,0,19,10,56,30,2,53.536417,-113.60277,176.0,244.0,102.0,93.0,85.0,78.0,248.0,1302.0,225.0,647.0,78.0,1701.0,404.0,435.0,251.0,83.0,34.0,26.0,6.0,2.0,943.0
93,GOLD BAR,1,10,0,0,2,32,17,0,53.548908,-113.412004,122.0,181.0,86.0,59.0,53.0,77.0,152.0,885.0,108.0,393.0,28.0,655.0,83.0,138.0,213.0,94.0,55.0,43.0,23.0,13.0,459.0
94,GRANDVIEW HEIGHTS,0,5,0,0,0,7,0,1,53.501165,-113.54891,49.0,82.0,42.0,48.0,35.0,33.0,65.0,309.0,24.0,154.0,3.0,295.0,9.0,17.0,20.0,28.0,22.0,24.0,25.0,54.0,236.0
95,GRANVILLE,2,4,0,0,1,6,5,0,53.504872,-113.682797,115.0,114.0,39.0,28.0,17.0,49.0,57.0,541.0,34.0,49.0,8.0,518.0,7.0,28.0,77.0,74.0,63.0,58.0,18.0,17.0,261.0
96,GREENFIELD,4,22,0,2,1,25,5,0,53.471073,-113.527505,119.0,203.0,118.0,118.0,153.0,86.0,218.0,961.0,86.0,616.0,20.0,989.0,57.0,146.0,214.0,125.0,80.0,78.0,44.0,29.0,628.0
97,GREENVIEW,12,11,0,1,1,20,8,0,53.475394,-113.42781,103.0,165.0,98.0,81.0,86.0,84.0,150.0,805.0,91.0,285.0,29.0,666.0,74.0,147.0,159.0,89.0,43.0,50.0,20.0,16.0,357.0
98,GRIESBACH,15,31,0,4,0,39,8,1,53.606808,-113.504229,335.0,334.0,87.0,56.0,68.0,91.0,143.0,1059.0,101.0,218.0,29.0,2193.0,39.0,116.0,167.0,72.0,66.0,77.0,48.0,24.0,1145.0
99,GROVENOR,10,38,0,1,0,36,22,1,53.545399,-113.57191200000001,90.0,119.0,38.0,32.0,48.0,48.0,115.0,674.0,81.0,225.0,24.0,666.0,69.0,127.0,140.0,70.0,57.0,46.0,28.0,25.0,376.0
100,HADDOW,5,11,0,1,0,10,2,0,53.45475,-113.59648899999999,186.0,349.0,158.0,141.0,166.0,164.0,188.0,1282.0,106.0,476.0,17.0,959.0,49.0,97.0,171.0,129.0,93.0,146.0,72.0,110.0,681.0
101,HAIRSINE,8,2,0,4,5,15,11,0,53.603838,-113.390923,117.0,151.0,62.0,86.0,49.0,61.0,146.0,815.0,137.0,194.0,34.0,582.0,109.0,197.0,141.0,57.0,30.0,22.0,5.0,1.0,406.0
102,HAZELDEAN,13,22,0,0,3,42,19,1,53.504206,-113.477889,114.0,194.0,82.0,52.0,100.0,60.0,211.0,1115.0,144.0,304.0,27.0,870.0,83.0,202.0,203.0,96.0,81.0,60.0,12.0,7.0,604.0
103,HENDERSON ESTATES,3,0,0,0,1,5,1,1,53.467635,-113.597447,46.0,119.0,69.0,75.0,126.0,65.0,117.0,558.0,53.0,304.0,10.0,263.0,14.0,34.0,61.0,48.0,50.0,50.0,34.0,97.0,226.0
104,HIGH PARK,25,24,0,6,5,30,9,1,53.554986,-113.584199,17.0,18.0,22.0,17.0,14.0,21.0,38.0,223.0,41.0,155.0,14.0,758.0,42.0,61.0,50.0,34.0,13.0,7.0,3.0,3.0,450.0
105,HIGHLANDS,25,50,0,9,1,48,25,2,53.565999,-113.430171,94.0,139.0,38.0,53.0,70.0,39.0,147.0,915.0,95.0,420.0,25.0,510.0,72.0,137.0,170.0,108.0,74.0,70.0,36.0,35.0,500.0
106,HILLVIEW,6,6,0,0,2,17,12,0,53.46974,-113.427064,123.0,188.0,82.0,70.0,86.0,84.0,159.0,888.0,144.0,339.0,53.0,1116.0,106.0,199.0,211.0,98.0,49.0,42.0,22.0,6.0,616.0
107,HODGSON,2,8,0,0,1,13,4,0,53.457673,-113.55980699999999,96.0,206.0,82.0,94.0,157.0,92.0,130.0,890.0,72.0,315.0,7.0,573.0,48.0,92.0,155.0,91.0,43.0,86.0,45.0,87.0,295.0
108,HOLLICK-KENYON,12,13,0,1,1,35,11,1,53.622243999999995,-113.42228799999998,390.0,502.0,197.0,178.0,195.0,193.0,319.0,2025.0,191.0,350.0,39.0,1557.0,81.0,255.0,384.0,233.0,125.0,145.0,54.0,32.0,765.0
109,HOLYROOD,10,24,0,1,2,30,20,1,53.531361,-113.45018999999999,117.0,151.0,62.0,64.0,77.0,53.0,153.0,787.0,76.0,362.0,29.0,1488.0,63.0,140.0,161.0,71.0,83.0,62.0,27.0,19.0,906.0
110,HOMESTEADER,27,26,0,5,3,49,27,2,53.58472,-113.406459,208.0,311.0,126.0,88.0,70.0,104.0,174.0,985.0,185.0,299.0,49.0,946.0,126.0,242.0,222.0,81.0,45.0,24.0,14.0,6.0,513.0
111,HUDSON,4,12,0,0,0,10,6,2,53.604587,-113.553396,116.0,145.0,87.0,63.0,108.0,68.0,91.0,770.0,61.0,122.0,4.0,750.0,21.0,98.0,163.0,63.0,32.0,31.0,4.0,15.0,373.0
112,IDYLWYLDE,6,17,0,1,1,26,23,0,53.52163,-113.449114,57.0,58.0,18.0,26.0,45.0,24.0,106.0,594.0,70.0,373.0,38.0,413.0,151.0,147.0,129.0,54.0,21.0,19.0,14.0,8.0,391.0
113,INGLEWOOD,80,76,3,23,16,101,47,3,53.564606,-113.540852,190.0,237.0,70.0,47.0,129.0,58.0,366.0,2108.0,329.0,642.0,157.0,1589.0,521.0,536.0,305.0,178.0,188.0,180.0,97.0,98.0,1362.0
114,JACKSON HEIGHTS,13,6,0,2,0,10,7,1,53.48166,-113.410848,84.0,195.0,106.0,76.0,109.0,70.0,188.0,867.0,107.0,374.0,24.0,1777.0,41.0,120.0,158.0,78.0,56.0,41.0,9.0,13.0,717.0
115,JAMIESON PLACE,0,6,0,1,2,16,4,1,53.488707,-113.64902,73.0,139.0,70.0,57.0,98.0,60.0,166.0,855.0,67.0,301.0,13.0,1470.0,26.0,71.0,103.0,78.0,64.0,65.0,17.0,13.0,882.0
116,JASPER PARK,13,16,0,9,2,37,9,0,53.52307,-113.584105,61.0,67.0,25.0,29.0,30.0,37.0,90.0,512.0,53.0,189.0,40.0,622.0,104.0,127.0,118.0,27.0,25.0,12.0,6.0,6.0,412.0
117,KAMEYOSEK,7,8,0,5,2,15,7,0,53.461919,-113.442068,108.0,174.0,87.0,55.0,43.0,55.0,140.0,593.0,146.0,397.0,25.0,580.0,237.0,233.0,123.0,39.0,16.0,17.0,3.0,3.0,435.0
118,KEHEEWIN,14,26,0,8,2,23,6,3,53.450243,-113.504513,44.0,81.0,24.0,37.0,56.0,38.0,92.0,500.0,46.0,441.0,18.0,1125.0,68.0,144.0,138.0,70.0,33.0,38.0,14.0,15.0,695.0
119,KENILWORTH,12,14,0,0,2,46,19,0,53.521633,-113.43104199999999,73.0,92.0,64.0,57.0,54.0,38.0,121.0,794.0,119.0,483.0,27.0,631.0,84.0,226.0,226.0,64.0,43.0,41.0,15.0,9.0,345.0
120,KENSINGTON,20,27,0,2,1,62,16,2,53.595863,-113.528924,85.0,122.0,47.0,42.0,35.0,74.0,106.0,660.0,112.0,772.0,32.0,1762.0,119.0,162.0,148.0,51.0,28.0,19.0,7.0,3.0,1102.0
121,KERNOHAN,11,11,0,0,1,20,12,1,53.5894,-113.380164,131.0,150.0,67.0,65.0,44.0,87.0,95.0,908.0,123.0,453.0,37.0,832.0,57.0,152.0,173.0,78.0,44.0,38.0,9.0,8.0,614.0
122,KILDARE,25,17,0,7,4,31,30,3,53.603293,-113.45515,89.0,115.0,71.0,44.0,49.0,52.0,98.0,602.0,118.0,506.0,28.0,930.0,138.0,248.0,161.0,40.0,21.0,15.0,3.0,3.0,537.0
123,KILKENNY,40,27,0,6,7,55,36,1,53.610378,-113.45511900000001,145.0,280.0,130.0,128.0,122.0,119.0,223.0,1245.0,196.0,573.0,79.0,2367.0,208.0,321.0,250.0,110.0,72.0,40.0,20.0,7.0,1007.0
124,KILLARNEY,38,31,0,8,4,64,30,4,53.588489,-113.47956799999999,265.0,262.0,97.0,70.0,66.0,196.0,145.0,1052.0,244.0,310.0,63.0,1582.0,179.0,284.0,216.0,64.0,29.0,11.0,4.0,2.0,905.0
125,KING EDWARD PARK,33,50,0,6,2,77,45,3,53.515151,-113.45057,171.0,169.0,100.0,73.0,114.0,79.0,226.0,1465.0,210.0,360.0,59.0,1222.0,133.0,239.0,282.0,104.0,87.0,67.0,26.0,17.0,963.0
126,KINISKI GARDENS,12,11,0,1,1,25,21,0,53.475924,-113.40330300000001,246.0,342.0,190.0,169.0,168.0,160.0,313.0,2025.0,254.0,349.0,57.0,1807.0,72.0,238.0,424.0,209.0,121.0,101.0,42.0,30.0,953.0
127,KIRKNESS,14,16,0,1,3,39,14,1,53.611416,-113.388399,216.0,281.0,98.0,115.0,102.0,104.0,217.0,1378.0,218.0,277.0,66.0,915.0,94.0,179.0,186.0,78.0,46.0,44.0,15.0,4.0,835.0
128,KLARVATTEN,5,8,0,0,1,51,19,2,53.637224,-113.476665,326.0,454.0,160.0,127.0,173.0,170.0,200.0,1775.0,167.0,240.0,25.0,1913.0,40.0,123.0,259.0,198.0,171.0,139.0,51.0,22.0,858.0
129,LA PERLE,16,23,0,1,1,36,25,1,53.533088000000006,-113.640709,210.0,288.0,132.0,113.0,129.0,149.0,272.0,1321.0,172.0,454.0,63.0,1544.0,229.0,293.0,282.0,129.0,76.0,64.0,23.0,12.0,845.0
130,LAGO LINDO,9,14,0,0,2,33,11,0,53.636039,-113.484647,125.0,217.0,80.0,68.0,105.0,94.0,184.0,1102.0,117.0,393.0,24.0,1424.0,53.0,147.0,236.0,115.0,77.0,87.0,25.0,15.0,614.0
131,LANSDOWNE,1,8,0,0,0,12,3,0,53.486625,-113.545997,52.0,89.0,39.0,29.0,71.0,26.0,97.0,426.0,50.0,206.0,10.0,146.0,27.0,52.0,66.0,28.0,19.0,37.0,21.0,33.0,235.0
132,LARKSPUR,12,13,0,2,1,33,22,0,53.48020999999999,-113.38124,244.0,394.0,166.0,181.0,219.0,179.0,277.0,1981.0,242.0,397.0,48.0,786.0,80.0,253.0,339.0,186.0,94.0,105.0,40.0,30.0,594.0
133,LAUDERDALE,26,26,0,1,3,47,28,1,53.588449,-113.504256,179.0,186.0,72.0,29.0,41.0,59.0,101.0,497.0,99.0,247.0,45.0,1354.0,88.0,137.0,100.0,40.0,21.0,18.0,3.0,4.0,782.0
134,LAUREL,14,22,1,1,1,29,26,6,53.44579900000001,-113.38147,363.0,406.0,177.0,130.0,116.0,163.0,211.0,1465.0,196.0,117.0,9.0,3698.0,27.0,189.0,296.0,139.0,63.0,41.0,14.0,6.0,1380.0
135,LAURIER HEIGHTS,4,18,0,2,0,12,4,1,53.514255,-113.569332,86.0,192.0,76.0,72.0,108.0,76.0,176.0,813.0,43.0,566.0,14.0,612.0,35.0,103.0,113.0,88.0,66.0,88.0,62.0,92.0,568.0
136,LEE RIDGE,16,5,0,3,3,15,9,0,53.469593,-113.444355,69.0,104.0,63.0,45.0,38.0,36.0,105.0,407.0,90.0,234.0,26.0,1495.0,95.0,110.0,94.0,29.0,11.0,19.0,2.0,2.0,623.0
137,LEGER,5,7,0,3,1,10,4,1,53.457691,-113.577422,55.0,173.0,109.0,82.0,95.0,54.0,116.0,631.0,59.0,190.0,8.0,890.0,14.0,43.0,73.0,52.0,29.0,49.0,33.0,24.0,471.0
138,LENDRUM PLACE,3,19,0,1,0,31,8,1,53.49320000000001,-113.522806,74.0,68.0,30.0,37.0,48.0,42.0,102.0,457.0,37.0,251.0,8.0,566.0,19.0,34.0,63.0,45.0,33.0,38.0,15.0,15.0,557.0
139,LORELEI,15,14,0,0,2,39,15,0,53.62459299999999,-113.50446600000001,282.0,309.0,123.0,91.0,123.0,164.0,169.0,1255.0,179.0,448.0,47.0,944.0,166.0,352.0,274.0,89.0,52.0,41.0,10.0,6.0,425.0
140,LYMBURN,22,20,0,2,2,41,13,0,53.507532000000005,-113.6423,244.0,360.0,162.0,163.0,183.0,161.0,391.0,1967.0,235.0,447.0,64.0,1315.0,141.0,346.0,418.0,227.0,136.0,115.0,41.0,21.0,682.0
141,LYNNWOOD,16,26,1,1,1,50,11,1,53.51570100000001,-113.58990900000002,103.0,166.0,70.0,29.0,51.0,38.0,161.0,887.0,228.0,320.0,39.0,1188.0,70.0,159.0,161.0,58.0,45.0,45.0,15.0,6.0,816.0
142,MACEWAN,9,24,0,1,5,31,9,1,53.428746000000004,-113.52694799999999,260.0,364.0,123.0,106.0,189.0,133.0,253.0,2025.0,191.0,364.0,30.0,1436.0,69.0,274.0,360.0,187.0,128.0,104.0,37.0,11.0,1064.0
143,MACTAGGART,3,5,0,1,0,5,4,1,53.437903,-113.561047,148.0,221.0,68.0,65.0,74.0,93.0,137.0,754.0,77.0,222.0,13.0,245.0,26.0,69.0,84.0,46.0,48.0,68.0,34.0,89.0,254.0
144,MAGRATH HEIGHTS,2,6,0,2,0,10,1,0,53.447689,-113.55672,172.0,292.0,106.0,100.0,146.0,112.0,146.0,1038.0,72.0,263.0,24.0,986.0,28.0,54.0,95.0,75.0,68.0,74.0,56.0,132.0,594.0
145,MALMO PLAINS,3,20,0,1,1,28,4,1,53.485677,-113.528992,183.0,187.0,61.0,54.0,266.0,75.0,123.0,769.0,100.0,318.0,13.0,1077.0,58.0,178.0,163.0,63.0,42.0,46.0,20.0,16.0,644.0
146,MATT BERRY,2,9,0,1,2,27,9,0,53.622254,-113.436022,141.0,313.0,150.0,159.0,178.0,117.0,189.0,1352.0,120.0,430.0,27.0,841.0,32.0,141.0,237.0,168.0,69.0,84.0,25.0,16.0,470.0
147,MAYFIELD,10,14,0,1,1,22,16,0,53.555018,-113.59816999999998,56.0,86.0,32.0,43.0,23.0,29.0,91.0,504.0,84.0,201.0,35.0,779.0,46.0,110.0,90.0,39.0,27.0,16.0,10.0,4.0,523.0
148,MAYLIEWAN,5,11,0,2,3,23,12,2,53.62229,-113.460264,89.0,236.0,125.0,119.0,191.0,92.0,178.0,1205.0,119.0,419.0,24.0,1256.0,43.0,90.0,100.0,98.0,63.0,57.0,34.0,18.0,751.0
149,MCCONACHIE AREA,13,10,0,1,3,27,9,2,53.636453,-113.431313,424.0,291.0,98.0,83.0,56.0,142.0,112.0,1370.0,104.0,113.0,4.0,2144.0,53.0,180.0,325.0,243.0,148.0,145.0,39.0,19.0,766.0
150,MCKERNAN,2,41,0,0,2,23,5,1,53.512759,-113.520442,82.0,76.0,32.0,25.0,298.0,40.0,176.0,1046.0,91.0,155.0,3.0,431.0,114.0,106.0,106.0,75.0,92.0,123.0,107.0,115.0,270.0
151,MCLEOD,5,12,0,0,0,21,9,1,53.610353,-113.436671,76.0,72.0,63.0,53.0,41.0,56.0,156.0,642.0,91.0,429.0,26.0,521.0,85.0,155.0,143.0,70.0,42.0,39.0,6.0,5.0,317.0
152,MCQUEEN,2,11,0,1,1,26,4,0,53.554938,-113.57184199999999,51.0,80.0,38.0,39.0,48.0,31.0,95.0,394.0,39.0,262.0,16.0,634.0,85.0,87.0,83.0,42.0,22.0,26.0,12.0,4.0,430.0
153,MEADOWLARK PARK,12,30,0,12,2,47,9,1,53.525532,-113.59655399999998,93.0,141.0,44.0,46.0,58.0,44.0,173.0,916.0,82.0,592.0,27.0,486.0,124.0,315.0,197.0,114.0,46.0,47.0,10.0,5.0,321.0
154,MENISA,11,13,0,4,1,16,8,0,53.442056,-113.447379,80.0,227.0,126.0,91.0,99.0,92.0,120.0,992.0,150.0,378.0,35.0,233.0,235.0,186.0,175.0,80.0,51.0,40.0,13.0,5.0,140.0
155,MEYOKUMIN,22,10,0,7,3,23,14,1,53.450113,-113.42725799999998,103.0,182.0,83.0,65.0,58.0,62.0,156.0,778.0,122.0,244.0,34.0,1133.0,63.0,171.0,168.0,79.0,38.0,31.0,7.0,3.0,455.0
156,MICHAELS PARK,7,4,0,3,0,14,7,1,53.479575,-113.446214,64.0,100.0,30.0,35.0,52.0,34.0,101.0,499.0,100.0,227.0,19.0,959.0,38.0,77.0,95.0,35.0,23.0,18.0,7.0,3.0,512.0
157,MILLER,15,7,0,2,1,23,6,1,53.611544,-113.411106,166.0,212.0,72.0,74.0,96.0,93.0,102.0,916.0,110.0,282.0,18.0,1025.0,53.0,262.0,192.0,51.0,48.0,22.0,10.0,4.0,475.0
158,MINCHAU,8,10,0,1,0,20,14,0,53.469829,-113.412766,57.0,106.0,53.0,37.0,35.0,38.0,86.0,484.0,60.0,170.0,15.0,1990.0,19.0,59.0,79.0,42.0,27.0,21.0,4.0,3.0,823.0
159,MONTROSE,45,34,0,12,7,77,52,2,53.575116,-113.44223,110.0,131.0,83.0,61.0,47.0,48.0,128.0,1013.0,162.0,346.0,76.0,1104.0,171.0,236.0,224.0,74.0,19.0,18.0,8.0,4.0,712.0
160,NEWTON,23,35,1,5,5,43,25,1,53.576424,-113.424532,103.0,122.0,58.0,49.0,52.0,77.0,138.0,814.0,131.0,381.0,48.0,843.0,137.0,191.0,162.0,59.0,41.0,23.0,4.0,5.0,528.0
161,NORTH GLENORA,4,19,0,1,2,27,9,1,53.554941,-113.558265,109.0,147.0,29.0,50.0,60.0,51.0,113.0,692.0,49.0,186.0,12.0,417.0,66.0,105.0,143.0,65.0,56.0,58.0,16.0,21.0,273.0
162,NORTHMOUNT,27,22,0,3,1,38,30,0,53.603205,-113.479629,83.0,132.0,64.0,54.0,47.0,65.0,121.0,580.0,97.0,519.0,21.0,1409.0,65.0,125.0,129.0,57.0,24.0,25.0,7.0,3.0,866.0
163,OGILVIE RIDGE,0,2,0,1,0,4,1,0,53.464904,-113.56707,23.0,42.0,22.0,23.0,33.0,28.0,57.0,255.0,19.0,161.0,6.0,313.0,2.0,12.0,20.0,19.0,15.0,16.0,23.0,40.0,213.0
164,OLESKIW,0,8,0,1,0,12,4,0,53.49734,-113.608765,58.0,101.0,46.0,58.0,99.0,47.0,163.0,570.0,63.0,422.0,5.0,1170.0,9.0,28.0,63.0,57.0,50.0,60.0,42.0,93.0,688.0
165,OLIVER,127,118,0,36,16,196,75,5,53.541983,-113.52399399999999,215.0,136.0,44.0,45.0,658.0,156.0,667.0,5465.0,554.0,2343.0,204.0,7636.0,1413.0,1611.0,1505.0,537.0,277.0,231.0,91.0,120.0,6716.0
166,ORMSBY PLACE,13,22,0,6,1,41,19,0,53.499106,-113.642761,176.0,280.0,125.0,119.0,179.0,90.0,326.0,1433.0,185.0,392.0,45.0,2014.0,107.0,216.0,246.0,117.0,96.0,97.0,41.0,34.0,946.0
167,OTTEWELL,16,35,0,8,3,83,35,1,53.531285,-113.430746,194.0,231.0,112.0,136.0,151.0,114.0,319.0,1613.0,167.0,943.0,48.0,1701.0,200.0,314.0,361.0,181.0,135.0,132.0,45.0,33.0,1088.0
168,OVERLANDERS,14,7,0,0,3,39,17,0,53.581011,-113.388176,156.0,188.0,57.0,39.0,35.0,56.0,115.0,834.0,188.0,183.0,38.0,1048.0,129.0,207.0,192.0,60.0,38.0,20.0,3.0,7.0,571.0
169,OXFORD,1,10,0,1,1,20,16,0,53.622198,-113.547292,166.0,275.0,130.0,133.0,159.0,116.0,196.0,1327.0,126.0,388.0,23.0,999.0,24.0,116.0,230.0,138.0,95.0,91.0,24.0,26.0,589.0
170,OZERNA,4,8,1,1,2,20,2,1,53.622275,-113.449024,100.0,190.0,118.0,85.0,114.0,87.0,222.0,1056.0,121.0,332.0,37.0,1928.0,59.0,129.0,166.0,78.0,67.0,65.0,23.0,21.0,747.0
171,PARKALLEN,2,22,0,2,0,33,6,0,53.503096,-113.517461,85.0,127.0,51.0,33.0,132.0,35.0,139.0,683.0,41.0,204.0,12.0,832.0,52.0,127.0,147.0,73.0,52.0,47.0,28.0,27.0,500.0
172,PARKDALE,48,44,0,17,4,73,37,1,53.565716,-113.47135,97.0,104.0,44.0,35.0,92.0,82.0,150.0,774.0,126.0,270.0,77.0,1481.0,253.0,209.0,192.0,48.0,17.0,6.0,3.0,2.0,872.0
173,PARKVIEW,1,19,0,2,3,32,8,2,53.52406,-113.567914,130.0,209.0,87.0,87.0,126.0,83.0,241.0,1049.0,93.0,476.0,12.0,692.0,51.0,116.0,149.0,93.0,65.0,94.0,60.0,95.0,577.0
174,PATRICIA HEIGHTS,7,10,0,1,1,7,8,0,53.507564,-113.592293,96.0,137.0,45.0,34.0,67.0,41.0,83.0,531.0,52.0,162.0,8.0,469.0,15.0,47.0,65.0,34.0,23.0,36.0,17.0,19.0,411.0
175,PEMBINA,6,14,0,3,0,19,9,2,53.603168,-113.542845,21.0,17.0,6.0,3.0,8.0,8.0,11.0,208.0,21.0,90.0,3.0,127.0,7.0,15.0,41.0,37.0,7.0,3.0,1.0,2.0,153.0
176,PLEASANTVIEW,12,45,0,3,0,63,20,0,53.493176000000005,-113.507131,149.0,135.0,65.0,56.0,128.0,65.0,216.0,1119.0,146.0,605.0,28.0,1190.0,348.0,332.0,261.0,83.0,46.0,45.0,21.0,21.0,821.0
177,POLLARD MEADOWS,25,9,1,1,5,36,19,0,53.449115,-113.413032,251.0,315.0,108.0,101.0,79.0,211.0,145.0,1154.0,143.0,294.0,44.0,1725.0,134.0,269.0,202.0,75.0,30.0,21.0,5.0,1.0,836.0
178,POTTER GREENS,0,5,0,1,1,8,5,0,53.518279,-113.6726,33.0,73.0,48.0,57.0,66.0,28.0,96.0,503.0,31.0,322.0,4.0,229.0,9.0,51.0,73.0,43.0,46.0,53.0,26.0,23.0,242.0
179,PRINCE CHARLES,30,28,0,3,3,26,15,5,53.575635000000005,-113.536002,28.0,40.0,16.0,10.0,11.0,12.0,48.0,260.0,55.0,71.0,15.0,715.0,37.0,54.0,64.0,26.0,9.0,6.0,2.0,1.0,387.0
180,PRINCE RUPERT,20,29,0,9,2,41,18,3,53.564595000000004,-113.52411800000002,17.0,9.0,5.0,7.0,36.0,9.0,57.0,480.0,82.0,147.0,10.0,433.0,31.0,27.0,37.0,11.0,9.0,10.0,2.0,3.0,517.0
181,QUEEN ALEXANDRA,59,44,1,11,3,86,38,0,53.51222,-113.504812,111.0,103.0,40.0,39.0,367.0,40.0,275.0,1560.0,214.0,355.0,29.0,2025.0,365.0,465.0,427.0,175.0,85.0,72.0,21.0,19.0,1261.0
182,QUEEN MARY PARK,84,46,0,13,8,138,61,3,53.553321,-113.519654,230.0,164.0,57.0,44.0,332.0,96.0,356.0,1971.0,510.0,376.0,119.0,2691.0,587.0,488.0,294.0,92.0,55.0,43.0,10.0,11.0,2367.0
183,RAMSAY HEIGHTS,8,10,0,2,0,14,3,0,53.483368,-113.579034,182.0,222.0,108.0,91.0,171.0,101.0,184.0,1247.0,121.0,513.0,20.0,429.0,69.0,198.0,239.0,118.0,86.0,105.0,72.0,77.0,398.0
184,RAPPERSWILL,2,5,1,0,2,16,8,0,53.635411,-113.535029,94.0,97.0,36.0,28.0,28.0,25.0,61.0,453.0,32.0,30.0,2.0,1141.0,3.0,46.0,127.0,73.0,64.0,50.0,14.0,18.0,337.0
185,RHATIGAN RIDGE,2,5,0,1,1,4,2,0,53.474506000000005,-113.587569,94.0,280.0,94.0,92.0,165.0,126.0,195.0,1065.0,62.0,737.0,8.0,159.0,22.0,42.0,114.0,62.0,50.0,75.0,54.0,81.0,617.0
186,RICHFIELD,8,9,0,0,4,16,10,0,53.469484,-113.458618,215.0,340.0,186.0,133.0,117.0,166.0,224.0,934.0,169.0,298.0,37.0,501.0,72.0,82.0,100.0,30.0,24.0,12.0,3.0,1.0,805.0
187,RICHFORD,1,7,0,1,0,4,5,0,53.42727000000001,-113.507394,21.0,39.0,13.0,18.0,33.0,15.0,42.0,256.0,26.0,141.0,2.0,152.0,13.0,50.0,55.0,27.0,15.0,17.0,16.0,19.0,91.0
188,RIDEAU PARK,4,16,0,2,0,31,6,0,53.479032000000004,-113.505933,45.0,68.0,29.0,36.0,51.0,19.0,95.0,474.0,94.0,423.0,235.0,412.0,152.0,173.0,128.0,39.0,28.0,23.0,15.0,4.0,524.0
189,RIO TERRACE,3,6,0,0,0,3,3,0,53.507314,-113.584549,43.0,95.0,41.0,30.0,62.0,37.0,59.0,401.0,22.0,232.0,3.0,261.0,11.0,44.0,48.0,32.0,22.0,47.0,19.0,22.0,251.0
190,RITCHIE,17,59,0,6,2,68,27,3,53.513275,-113.482742,148.0,143.0,41.0,40.0,157.0,53.0,184.0,1698.0,177.0,377.0,47.0,914.0,208.0,346.0,378.0,170.0,120.0,88.0,41.0,43.0,654.0
191,RIVERDALE,9,23,0,4,1,37,3,0,53.544107,-113.469011,75.0,88.0,32.0,27.0,47.0,27.0,131.0,739.0,42.0,216.0,17.0,575.0,57.0,113.0,141.0,79.0,56.0,57.0,47.0,41.0,365.0
192,ROSENTHAL,2,11,0,0,0,12,5,0,53.519753,-113.70120999999999,52.0,49.0,22.0,22.0,24.0,10.0,38.0,260.0,17.0,32.0,1.0,934.0,7.0,31.0,91.0,48.0,24.0,36.0,5.0,2.0,288.0
193,ROSSDALE,2,8,0,3,0,8,2,0,53.533155,-113.495797,17.0,24.0,10.0,10.0,37.0,11.0,56.0,335.0,20.0,85.0,7.0,250.0,29.0,58.0,62.0,26.0,24.0,25.0,17.0,36.0,190.0
194,ROSSLYN,18,18,0,5,3,58,25,2,53.595758,-113.504287,97.0,194.0,56.0,57.0,42.0,68.0,180.0,806.0,210.0,721.0,43.0,501.0,251.0,185.0,185.0,99.0,42.0,10.0,6.0,1.0,522.0
195,ROYAL GARDENS,12,16,0,5,2,21,8,3,53.479419,-113.528055,126.0,184.0,94.0,95.0,125.0,58.0,170.0,855.0,141.0,371.0,24.0,1150.0,121.0,199.0,224.0,68.0,31.0,38.0,19.0,7.0,695.0
196,RUNDLE HEIGHTS,27,22,0,5,3,30,25,1,53.563221,-113.391922,93.0,151.0,99.0,51.0,42.0,90.0,107.0,849.0,140.0,282.0,62.0,1443.0,129.0,433.0,206.0,34.0,23.0,14.0,2.0,1.0,544.0
197,RURAL NORTH EAST HORSE HILL,16,4,0,0,2,0,1,1,53.678364,-113.312513,8.0,9.0,1.0,2.0,2.0,3.0,4.0,21.0,1.0,14.0,3.0,527.0,4.0,4.0,3.0,1.0,1.0,2.0,1.0,3.0,123.0
198,RURAL NORTH EAST SOUTH STURGEON,1,2,0,0,0,3,0,1,53.618981,-113.32351200000001,14.0,38.0,17.0,14.0,19.0,18.0,37.0,254.0,13.0,57.0,3.0,168.0,4.0,9.0,11.0,19.0,22.0,21.0,14.0,15.0,118.0
199,RUTHERFORD,6,36,0,0,1,45,10,1,53.416765,-113.529788,768.0,1006.0,300.0,231.0,332.0,367.0,524.0,3825.0,406.0,613.0,42.0,2429.0,130.0,368.0,621.0,334.0,255.0,273.0,99.0,77.0,1938.0
200,SAKAW,11,11,0,2,3,37,15,1,53.44198,-113.428828,165.0,297.0,149.0,133.0,97.0,118.0,232.0,1446.0,202.0,462.0,45.0,638.0,317.0,244.0,242.0,81.0,38.0,44.0,15.0,3.0,397.0
201,SATOO,14,18,0,2,1,26,6,0,53.446373,-113.458892,122.0,200.0,92.0,108.0,90.0,82.0,187.0,979.0,133.0,403.0,23.0,863.0,73.0,160.0,228.0,100.0,70.0,39.0,13.0,11.0,531.0
202,SCHONSEE,4,11,0,0,0,15,7,0,53.632362,-113.455146,199.0,275.0,97.0,87.0,87.0,105.0,154.0,1114.0,76.0,260.0,20.0,355.0,91.0,114.0,179.0,96.0,56.0,79.0,31.0,25.0,345.0
203,SECORD,3,14,0,1,1,17,14,1,53.533862,-113.70135200000001,238.0,204.0,62.0,42.0,31.0,271.0,103.0,1249.0,77.0,44.0,2.0,848.0,9.0,357.0,128.0,96.0,59.0,90.0,24.0,11.0,356.0
204,SHERBROOKE,13,17,1,0,3,33,16,0,53.575663,-113.54728600000001,96.0,127.0,49.0,32.0,57.0,55.0,113.0,801.0,81.0,238.0,31.0,913.0,61.0,106.0,116.0,52.0,28.0,23.0,6.0,4.0,670.0
205,SHERWOOD,13,7,0,4,0,18,10,1,53.529102,-113.584145,53.0,52.0,14.0,22.0,21.0,9.0,54.0,316.0,51.0,124.0,12.0,610.0,42.0,96.0,90.0,41.0,32.0,22.0,3.0,1.0,310.0
206,SIFTON PARK,7,11,0,0,0,24,13,0,53.594525,-113.408402,66.0,95.0,30.0,21.0,25.0,26.0,59.0,337.0,85.0,110.0,28.0,1182.0,40.0,33.0,54.0,12.0,9.0,7.0,2.0,1.0,646.0
207,SILVER BERRY,22,31,0,1,2,59,28,1,53.461159,-113.381406,300.0,464.0,165.0,126.0,117.0,167.0,226.0,1631.0,207.0,186.0,30.0,5382.0,40.0,163.0,277.0,202.0,92.0,61.0,19.0,13.0,1646.0
208,SKYRATTLER,3,5,0,0,0,13,2,0,53.45033,-113.522873,100.0,108.0,30.0,36.0,90.0,48.0,119.0,779.0,104.0,212.0,15.0,440.0,94.0,222.0,232.0,73.0,32.0,34.0,12.0,6.0,393.0
209,SOUTH TERWILLEGAR,12,11,0,1,0,29,6,2,53.440247,-113.57902399999999,557.0,631.0,211.0,167.0,231.0,232.0,375.0,2783.0,227.0,317.0,20.0,2826.0,95.0,262.0,475.0,249.0,196.0,187.0,71.0,53.0,1838.0
210,SPRUCE AVENUE,71,40,0,16,9,82,33,7,53.564635,-113.499502,30.0,29.0,14.0,19.0,54.0,21.0,65.0,288.0,62.0,105.0,22.0,1173.0,92.0,98.0,62.0,21.0,14.0,14.0,5.0,2.0,449.0
211,STEINHAUER,3,8,0,1,2,30,13,0,53.464529000000006,-113.505938,89.0,139.0,77.0,72.0,115.0,65.0,131.0,670.0,93.0,332.0,20.0,324.0,35.0,81.0,95.0,60.0,38.0,33.0,16.0,14.0,403.0
212,STRATHCONA,97,95,0,30,6,124,54,2,53.52239,-113.490986,205.0,166.0,70.0,69.0,494.0,123.0,490.0,2787.0,290.0,627.0,58.0,3594.0,488.0,651.0,664.0,290.0,149.0,147.0,76.0,92.0,2748.0
213,STRATHEARN,4,17,0,2,1,28,7,1,53.531292,-113.464047,68.0,58.0,17.0,17.0,43.0,24.0,116.0,662.0,62.0,462.0,20.0,1093.0,250.0,153.0,96.0,54.0,34.0,36.0,16.0,26.0,815.0
214,SUDER GREENS,2,23,0,2,0,23,9,0,53.524586,-113.677276,199.0,282.0,93.0,78.0,87.0,65.0,173.0,1179.0,107.0,207.0,17.0,793.0,31.0,137.0,201.0,122.0,80.0,82.0,38.0,27.0,449.0
215,SUMMERLEA,61,15,0,8,11,93,59,8,53.525627,-113.622633,51.0,73.0,36.0,48.0,52.0,38.0,97.0,592.0,82.0,314.0,33.0,615.0,94.0,194.0,157.0,42.0,36.0,23.0,12.0,4.0,354.0
216,SUMMERSIDE,30,44,0,2,3,74,22,2,53.417528,-113.461227,967.0,1157.0,348.0,273.0,307.0,398.0,491.0,4517.0,368.0,354.0,41.0,4139.0,82.0,332.0,735.0,498.0,355.0,393.0,133.0,130.0,1833.0
217,SWEET GRASS,2,9,0,1,1,19,4,0,53.464316,-113.527569,89.0,163.0,98.0,60.0,101.0,72.0,103.0,765.0,75.0,298.0,12.0,841.0,42.0,182.0,212.0,58.0,31.0,34.0,10.0,13.0,479.0
218,TAMARACK,18,18,0,2,2,27,11,3,53.46481099999999,-113.359165,352.0,380.0,125.0,90.0,87.0,134.0,154.0,1325.0,135.0,101.0,8.0,1686.0,103.0,242.0,293.0,129.0,64.0,69.0,28.0,12.0,498.0
219,TAWA,35,5,0,1,5,14,7,0,53.461933,-113.427712,67.0,77.0,36.0,34.0,30.0,38.0,96.0,540.0,68.0,340.0,17.0,689.0,91.0,166.0,146.0,35.0,22.0,17.0,2.0,1.0,456.0
220,TERRA LOSA,12,16,0,3,1,34,13,0,53.533293,-113.622178,51.0,51.0,20.0,16.0,38.0,38.0,104.0,604.0,79.0,582.0,32.0,608.0,158.0,265.0,198.0,62.0,23.0,22.0,7.0,2.0,565.0
221,TERRACE HEIGHTS,21,30,0,3,1,48,11,0,53.542081,-113.437801,60.0,67.0,28.0,23.0,44.0,21.0,69.0,503.0,77.0,245.0,37.0,1250.0,111.0,118.0,99.0,42.0,32.0,40.0,15.0,7.0,684.0
222,TERWILLEGAR TOWNE,2,11,0,4,0,26,8,2,53.45067,-113.577738,286.0,533.0,239.0,179.0,201.0,178.0,286.0,1830.0,100.0,555.0,18.0,1779.0,52.0,147.0,265.0,175.0,135.0,154.0,73.0,86.0,1179.0
223,THE HAMPTONS,11,28,0,3,2,50,17,2,53.487386,-113.675687,873.0,1100.0,353.0,249.0,238.0,389.0,562.0,4177.0,292.0,273.0,23.0,3031.0,67.0,327.0,695.0,491.0,287.0,309.0,126.0,61.0,1640.0
224,THE ORCHARDS AT ELLERSLIE,0,7,0,0,1,10,5,2,53.403087,-113.458166,129.0,76.0,29.0,18.0,14.0,40.0,57.0,485.0,27.0,21.0,1.0,1166.0,6.0,53.0,158.0,89.0,73.0,55.0,23.0,10.0,287.0
225,THORNCLIFF,21,14,0,9,1,42,20,1,53.516698,-113.62282799999998,137.0,203.0,94.0,75.0,67.0,70.0,146.0,967.0,137.0,258.0,51.0,1349.0,45.0,96.0,84.0,32.0,27.0,14.0,6.0,5.0,956.0
226,TIPASKAN,13,13,0,3,2,23,12,2,53.461895000000005,-113.458,178.0,261.0,99.0,83.0,90.0,96.0,163.0,929.0,189.0,227.0,39.0,606.0,163.0,204.0,184.0,54.0,43.0,18.0,9.0,9.0,324.0
227,TRUMPETER AREA,0,7,0,0,0,5,1,0,53.590903,-113.676605,93.0,63.0,15.0,11.0,9.0,40.0,36.0,433.0,17.0,34.0,5.0,300.0,2.0,20.0,85.0,47.0,47.0,65.0,32.0,25.0,101.0
228,TWEDDLE PLACE,7,15,0,1,4,14,7,1,53.47837,-113.45916,116.0,212.0,66.0,52.0,62.0,52.0,108.0,472.0,82.0,252.0,18.0,1792.0,43.0,98.0,93.0,40.0,29.0,24.0,4.0,1.0,773.0
229,TWIN BROOKS,5,4,0,0,0,38,5,1,53.444689,-113.531497,186.0,343.0,238.0,239.0,323.0,211.0,392.0,2015.0,163.0,892.0,25.0,1238.0,73.0,198.0,316.0,201.0,151.0,200.0,91.0,105.0,903.0
230,VIRGINIA PARK,1,9,0,0,1,18,6,0,53.560888,-113.450297,14.0,15.0,8.0,6.0,18.0,6.0,22.0,133.0,23.0,259.0,2.0,225.0,204.0,26.0,22.0,10.0,5.0,10.0,3.0,1.0,138.0
231,WALKER,16,19,0,0,0,37,8,2,53.417651,-113.43043499999999,659.0,680.0,233.0,164.0,194.0,241.0,403.0,3052.0,531.0,177.0,12.0,1200.0,88.0,503.0,547.0,235.0,121.0,115.0,37.0,20.0,887.0
232,WEBBER GREENS,0,10,0,3,0,8,2,0,53.53031,-113.676608,99.0,111.0,56.0,49.0,43.0,40.0,67.0,526.0,39.0,34.0,7.0,1200.0,11.0,26.0,71.0,41.0,44.0,42.0,11.0,6.0,432.0
233,WEDGEWOOD HEIGHTS,1,2,0,0,0,3,1,0,53.478714000000004,-113.64658,25.0,46.0,22.0,41.0,69.0,42.0,83.0,338.0,33.0,161.0,5.0,566.0,8.0,27.0,38.0,29.0,30.0,44.0,23.0,49.0,254.0
234,WEINLOS,8,9,0,5,5,20,8,0,53.459907,-113.413836,80.0,131.0,90.0,77.0,74.0,85.0,139.0,916.0,104.0,294.0,43.0,1275.0,28.0,100.0,102.0,42.0,17.0,26.0,6.0,5.0,839.0
235,WELLINGTON,24,23,0,2,3,43,17,2,53.595833,-113.55269500000001,111.0,188.0,70.0,72.0,57.0,70.0,131.0,834.0,151.0,386.0,39.0,1021.0,101.0,181.0,197.0,51.0,31.0,23.0,4.0,2.0,590.0
236,WEST JASPER PLACE,47,29,0,10,5,41,31,4,53.53663,-113.58414400000001,85.0,80.0,32.0,38.0,41.0,89.0,139.0,770.0,148.0,268.0,40.0,1338.0,169.0,309.0,83.0,27.0,22.0,14.0,7.0,4.0,839.0
237,WESTBROOK ESTATES,2,6,0,0,0,15,5,1,53.468213,-113.544452,19.0,70.0,41.0,16.0,44.0,47.0,55.0,264.0,30.0,162.0,3.0,330.0,17.0,31.0,32.0,12.0,11.0,16.0,18.0,49.0,296.0
238,WESTMOUNT,41,76,0,6,5,97,33,2,53.549995,-113.539976,226.0,240.0,88.0,76.0,194.0,82.0,308.0,2185.0,200.0,467.0,79.0,1742.0,233.0,378.0,388.0,172.0,132.0,126.0,84.0,91.0,1448.0
239,WESTRIDGE,2,4,0,0,0,6,1,0,53.505622,-113.601372,41.0,94.0,47.0,31.0,59.0,39.0,105.0,372.0,15.0,233.0,6.0,313.0,6.0,10.0,40.0,35.0,23.0,33.0,30.0,42.0,266.0
240,WESTWOOD,43,34,0,7,6,53,48,1,53.575942,-113.498585,61.0,58.0,15.0,5.0,99.0,39.0,154.0,780.0,271.0,188.0,101.0,1346.0,381.0,321.0,124.0,36.0,22.0,14.0,2.0,3.0,924.0
241,WILD ROSE,14,15,0,2,2,46,24,1,53.470564,-113.38116699999999,293.0,552.0,309.0,260.0,275.0,220.0,422.0,2415.0,288.0,509.0,50.0,3020.0,32.0,198.0,273.0,125.0,100.0,96.0,34.0,18.0,1564.0
242,WINDERMERE,7,22,0,3,1,31,6,4,53.432563,-113.62600799999998,530.0,430.0,149.0,118.0,134.0,196.0,235.0,2254.0,160.0,281.0,23.0,3618.0,37.0,144.0,271.0,137.0,151.0,150.0,74.0,145.0,2027.0
243,WOODCROFT,30,22,0,13,4,40,20,4,53.564595,-113.558327,76.0,88.0,40.0,35.0,56.0,30.0,96.0,522.0,63.0,579.0,36.0,523.0,214.0,121.0,107.0,32.0,24.0,29.0,6.0,5.0,642.0
244,YORK,24,21,0,4,2,48,17,4,53.602843,-113.43021200000001,180.0,237.0,122.0,113.0,98.0,106.0,187.0,1248.0,207.0,497.0,63.0,843.0,148.0,297.0,271.0,103.0,65.0,42.0,14.0,5.0,510.0
